{
  "dof": 6,
  "M": [
    [
      -1.9236706937217898E-16,
      3.1415926535897931,
      -1.9236706937217898E-16,
      0,
      1.6655196468404004E-17,
      0.136
    ],
    [
      1.2091995761561454,
      1.2091995761561454,
      -1.2091995761561454,
      0,
      0.1245,
      -7.6234263246922738E-18
    ],
    [
      2.2214414690791831,
      -2.2214414690791831,
      2.7204811846010155E-16,
      0.385,
      -0,
      -0
    ],
    [
      2.2214414690791831,
      -2.2214414690791831,
      2.7204811846010155E-16,
      0.315,
      -0,
      -0
    ],
    [
      1.2091995761561454,
      -1.2091995761561454,
      1.2091995761561454,
      0,
      -0.095,
      5.8170722959499279E-18
    ],
    [
      0,
      -2.2214414690791831,
      2.2214414690791831,
      0,
      0.0895,
      -5.480294426184405E-18
    ]
  ],
  "A": [
    [
      0,
      0,
      1,
      0,
      0,
      0
    ],
    [
      0,
      0,
      1,
      0,
      0,
      0
    ],
    [
      0,
      0,
      1,
      0,
      0,
      0
    ],
    [
      0,
      0,
      1,
      0,
      0,
      0
    ],
    [
      0,
      0,
      1,
      0,
      0,
      0
    ],
    [
      0,
      0,
      1,
      0,
      0,
      0
    ]
  ],
  "ME": [
    [
      1,
      0,
      0,
      0
    ],
    [
      0,
      -1,
      0,
      0
    ],
    [
      0,
      0,
      -1,
      0
    ],
    [
      0,
      0,
      0,
      1
    ]
  ],
  "mass": [
    3.761,
    8.058,
    2.846,
    1.37,
    1.3,
    0.365
  ],
  "inertia": [
    [
      0,
      0,
      0,
      0,
      0,
      0
    ],
    [
      0,
      0,
      0,
      0,
      0,
      0
    ],
    [
      0,
      0,
      0,
      0,
      0,
      0
    ],
    [
      0,
      0,
      0,
      0,
      0,
      0
    ],
    [
      0,
      0,
      0,
      0,
      0,
      0
    ],
    [
      0,
      0,
      0,
      0,
      0,
      0
    ]
  ],
  "com": [
    [
      0,
      0,
      0
    ],
    [
      0,
      0,
      0
    ],
    [
      0,
      0,
      0
    ],
    [
      0,
      0,
      0
    ],
    [
      0,
      0,
      0
    ],
    [
      0,
      0,
      0
    ]
  ],
  "gravity": [
    0,
    0,
    -9.8
  ],
  "TCP": [
    [
      1,
      0,
      0,
      0
    ],
    [
      0,
      1,
      0,
      0
    ],
    [
      0,
      0,
      1,
      0
    ],
    [
      0,
      0,
      0,
      1
    ]
  ]
}