{
  "dof": 7,
  "mass": [
    2.7,
    2.73,
    2.04,
    2.08,
    3,
    1.3,
    0.2
  ],
  "inertia": [
    [
      0.11107,
      0.10675000000000001,
      0.10432000000000001,
      -0.0054,
      0,
      0
    ],
    [
      0.114196,
      0.10982800000000001,
      0.104368,
      0.006552,
      0,
      0
    ],
    [
      0.10530400000000001,
      0.10530400000000001,
      0.10040800000000001,
      0.00102,
      0.00102,
      -0.00020400000000000003
    ],
    [
      0.102704,
      0.102704,
      0.103744,
      -0.001248,
      0.001248,
      0.001872
    ],
    [
      0.14800000000000002,
      0.1432,
      0.1048,
      0.0144,
      0,
      0
    ],
    [
      0.1,
      0.10208,
      0.10208,
      0,
      0,
      0
    ],
    [
      0.10128000000000001,
      0.10128000000000001,
      0.1,
      0,
      0,
      0
    ]
  ],
  "A": [
    [
      0,
      0,
      1,
      0,
      0,
      0
    ],
    [
      0,
      0,
      1,
      0,
      0,
      0
    ],
    [
      0,
      0,
      1,
      0,
      0,
      0
    ],
    [
      0,
      0,
      1,
      0,
      0,
      0
    ],
    [
      0,
      0,
      1,
      0,
      0,
      0
    ],
    [
      0,
      0,
      1,
      0,
      0,
      0
    ],
    [
      0,
      0,
      1,
      0,
      0,
      0
    ]
  ],
  "M": [
    [
      0,
      0,
      0,
      0,
      0,
      0.333
    ],
    [
      -1.57079632679,
      -0,
      -0,
      0,
      0,
      0
    ],
    [
      1.57079632679,
      0,
      0,
      0,
      -0.316,
      0
    ],
    [
      1.57079632679,
      0,
      0,
      0.0825,
      0,
      0
    ],
    [
      -1.57079632679,
      -0,
      -0,
      -0.0825,
      0.384,
      0
    ],
    [
      1.57079632679,
      0,
      0,
      0,
      0,
      0
    ],
    [
      1.57079632679,
      0,
      0,
      0.088,
      0,
      0
    ]
  ],
  "ME": [
    [
      1,
      0,
      0,
      0
    ],
    [
      0,
      1,
      0,
      0
    ],
    [
      0,
      0,
      1,
      0.107
    ],
    [
      0,
      0,
      0,
      1
    ]
  ],
  "com": [
    [
      0,
      -0.04,
      -0.05
    ],
    [
      0,
      -0.04,
      0.06
    ],
    [
      0.01,
      0.01,
      -0.05
    ],
    [
      -0.03,
      0.03,
      0.02
    ],
    [
      0,
      0.04,
      -0.12
    ],
    [
      0.04,
      0,
      0
    ],
    [
      0,
      0,
      0.08
    ]
  ],
  "gravity": [
    0,
    0,
    -9.8
  ],
  "TCP": [
    [
      1,
      0,
      0,
      0
    ],
    [
      0,
      1,
      0,
      0
    ],
    [
      0,
      0,
      1,
      0
    ],
    [
      0,
      0,
      0,
      1
    ]
  ]
}