{
  "dof": 7,
  "mass": [
    3.4525,
    3.4821,
    4.05623,
    3.4822,
    2.1633,
    2.3466,
    3.129
  ],
  "inertia": [
    [
      0.07465325,
      0.057419000000000005,
      0.02393725,
      0.008542000000000001,
      0,
      0
    ],
    [
      0.0390236145,
      0.027932737789,
      0.019911503488999997,
      -0.0086286438,
      -0.00366987446,
      -6.1633169999999982E-5
    ],
    [
      0.10424089400000001,
      0.078270287000000022,
      0.034070607,
      -0.009592297,
      0,
      0
    ],
    [
      0.041437019000000005,
      0.0247754232,
      0.023416595800000006,
      -0.011557451600000003,
      0,
      0
    ],
    [
      0.0263192361,
      0.018203242433,
      0.012074036933,
      -0.0073986268,
      -1.644108E-5,
      -4.5429300000000006E-6
    ],
    [
      0.006510220232,
      0.006259375456,
      0.004527844776,
      0.000318346816,
      0,
      0
    ],
    [
      0.0158916,
      0.0159016,
      0.002872,
      0,
      0,
      0.0005912
    ]
  ],
  "A": [
    [
      0,
      0,
      1,
      0,
      0,
      0
    ],
    [
      0,
      0,
      1,
      0,
      0,
      0
    ],
    [
      0,
      0,
      1,
      0,
      0,
      0
    ],
    [
      0,
      0,
      1,
      0,
      0,
      0
    ],
    [
      0,
      0,
      1,
      0,
      0,
      0
    ],
    [
      0,
      0,
      1,
      0,
      0,
      0
    ],
    [
      0,
      0,
      1,
      0,
      0,
      0
    ]
  ],
  "M": [
    [
      0,
      0,
      0,
      0,
      0,
      0.15
    ],
    [
      2.297227134486449E-13,
      -2.2214414690736413,
      -2.2214414690845183,
      0,
      0,
      0.19
    ],
    [
      2.297227134486449E-13,
      -2.2214414690736413,
      -2.2214414690845183,
      0,
      0.21,
      0
    ],
    [
      1.57079632679,
      0,
      0,
      0,
      0,
      0.19
    ],
    [
      -2.297227134486449E-13,
      -2.2214414690845179,
      -2.2214414690736404,
      0,
      0.21,
      0
    ],
    [
      1.57079632679,
      0,
      0,
      0,
      0.0607,
      0.19
    ],
    [
      -2.297227134486449E-13,
      -2.2214414690845179,
      -2.2214414690736404,
      0,
      0.081,
      0.0607
    ]
  ],
  "ME": [
    [
      1,
      -2.0682310711025723E-13,
      -2.0682310711017166E-13,
      0
    ],
    [
      2.0682310711021444E-13,
      1,
      -2.0682310711025723E-13,
      0
    ],
    [
      2.0682310711021444E-13,
      2.0682310711021444E-13,
      1,
      0.045
    ],
    [
      0,
      0,
      0,
      1
    ]
  ],
  "com": [
    [
      0,
      -0.03,
      0.12
    ],
    [
      0.0003,
      0.059,
      0.042
    ],
    [
      0,
      0.03,
      0.13
    ],
    [
      0,
      0.067,
      0.034
    ],
    [
      0.0001,
      0.021,
      0.076
    ],
    [
      0,
      0.0006,
      0.0004
    ],
    [
      0,
      0,
      0.02
    ]
  ],
  "gravity": [
    0,
    0,
    -9.8
  ],
  "TCP": [
    [
      1,
      0,
      0,
      0
    ],
    [
      0,
      1,
      0,
      0
    ],
    [
      0,
      0,
      1,
      0
    ],
    [
      0,
      0,
      0,
      1
    ]
  ]
}