{
  "dof": 7,
  "mass": [
    3.4525,
    3.4821,
    4.05623,
    3.4822,
    2.1633,
    2.3466,
    3.129
  ],
  "inertia": [
    [
      0.021830000000000002,
      0.0077030000000000015,
      0.02083,
      -0.003887,
      0,
      0
    ],
    [
      0.02076,
      0.021789999999999997,
      0.0077899999999999966,
      0,
      -0.003626,
      0
    ],
    [
      0.03204,
      0.0097200000000000064,
      0.030419999999999996,
      0.006227,
      0,
      0
    ],
    [
      0.02178,
      0.02075,
      0.007785,
      -0.0036249999999999998,
      0,
      0
    ],
    [
      0.01287,
      0.0057079999999999995,
      0.01112,
      -0.003946,
      0,
      0
    ],
    [
      0.006509,
      0.006259,
      0.004527,
      0.00031891,
      0,
      0
    ],
    [
      0.014639999999999999,
      0.014649999999999998,
      0.002872,
      0,
      0,
      0.0005912
    ]
  ],
  "A": [
    [
      0,
      0,
      1,
      0.03,
      -0,
      -0
    ],
    [
      0,
      0,
      1,
      -0.059,
      0.0003,
      -0
    ],
    [
      0,
      0,
      1,
      -0.03,
      -0,
      -0
    ],
    [
      0,
      0,
      1,
      -0.067,
      -0,
      -0
    ],
    [
      0,
      0,
      1,
      -0.021,
      0.0001,
      -0
    ],
    [
      0,
      0,
      1,
      -0.0006,
      -0,
      -0
    ],
    [
      0,
      0,
      1,
      0,
      0,
      0
    ]
  ],
  "M": [
    [
      0,
      0,
      0,
      0,
      -0.03,
      0.27
    ],
    [
      -2.297227134486556E-13,
      2.2214414690737447,
      2.2214414690846218,
      -0.00030000000000868655,
      0.071999999999711045,
      0.12900000000020567
    ],
    [
      -2.297227134486556E-13,
      2.2214414690737447,
      2.2214414690846218,
      -0.000300000000026887,
      0.28099999999985309,
      -0.011999999999363447
    ],
    [
      1.57079632679,
      0,
      0,
      0,
      -0.06399999999967193,
      0.12700000000016648
    ],
    [
      -2.297227134486556E-13,
      -2.2214414690846209,
      -2.2214414690737438,
      -9.9999999995656718E-5,
      0.21900000000010283,
      -0.01300000000037212
    ],
    [
      1.57079632679,
      0,
      0,
      -0.0001,
      0.03930000000000293,
      0.11460000000000196
    ],
    [
      -2.297227134486556E-13,
      -2.2214414690846209,
      -2.2214414690737438,
      -2.0254554445936275E-26,
      0.1004,
      0.060299999999902071
    ]
  ],
  "ME": [
    [
      1,
      -2.0682310711025723E-13,
      -2.0682310711017166E-13,
      0
    ],
    [
      2.0682310711021444E-13,
      1,
      -2.0682310711025723E-13,
      0
    ],
    [
      2.0682310711021444E-13,
      2.0682310711021444E-13,
      1,
      0.024999999999999998
    ],
    [
      0,
      0,
      0,
      1
    ]
  ],
  "com": [
    [
      0,
      -0.03,
      0.12
    ],
    [
      0.0003,
      0.059,
      0.042
    ],
    [
      0,
      0.03,
      0.13
    ],
    [
      0,
      0.067,
      0.034
    ],
    [
      0.0001,
      0.021,
      0.076
    ],
    [
      0,
      0.0006,
      0.0004
    ],
    [
      0,
      0,
      0.02
    ]
  ],
  "gravity": [
    0,
    0,
    -9.8
  ],
  "TCP": [
    [
      1,
      0,
      0,
      0
    ],
    [
      0,
      1,
      0,
      0
    ],
    [
      0,
      0,
      1,
      0
    ],
    [
      0,
      0,
      0,
      1
    ]
  ]
}