{"dof":6,"M":[[0,0,0,0,-0,0.16275539960981536],[1.5210972636092075,0.4606811441087092,-0.46075402513795455,0.00018476643006531352,207.36213153672765,-0.032802667343020279],[0.0010724899387016431,-0.000470168752333175,0.82631416130423685,-0.35384590500124719,-0.25036867259137785,220.00942396000858],[0.007286018412475238,0.00087176264463235942,-0.23816413506194781,-0.38137801722259496,0.091609426239840641,-12.513605381620023],[1.5699013066070486,8.4274020086442817E-7,-8.43494808101904E-7,-7.7844561272379507E-5,-0.099744443534866459,8.9273314410775529E-5],[-1.5702151419827748,-2.3009081696313344E-7,-2.3022458112597344E-7,3.663908567097521E-5,0.0996503401218986,5.7915270721197525E-5]],"A":[[0,0,1,0,0,0],[0,0,1,0,0,0],[0,0,1,0,0,0],[0,0,1,0,0,0],[0,0,1,0,0,0],[0,0,1,0,0,0]],"ME":[[1,0,0,0],[0,1,0,0],[0,0,1,0],[0,0,0,1]],"mass":[3.761,8.058,2.846,1.37,1.3,0.365],"inertia":[[0,0,0,0,0,0],[0,0,0,0,0,0],[0,0,0,0,0,0],[0,0,0,0,0,0],[0,0,0,0,0,0],[0,0,0,0,0,0]],"com":[[0,0,0],[0,0,0],[0,0,0],[0,0,0],[0,0,0],[0,0,0]],"gravity":[0,0,-9.8],"TCP":[[1,0,0,0],[0,1,0,0],[0,0,1,0],[0,0,0,1]]}